"Symptom";"Run";"Rules";"TP Rate";"FP Rate";"Precision";"Recall";"F-Measure";
9;1;12;1;0;0;0;0;
9;2;12;1;0;0;0;0;
9;3;12;1;0;0;0;0;
9;4;12;1;0;0;0;0;
9;5;11;0;0;0;0;0;
9;6;11;0.5;0;1;0.5;0.6666666666666666;
9;7;0;0;0;0;0;0;
9;8;11;0.5;0;1;0.5;0.6666666666666666;
9;9;2;0;0;0;0;0;
9;10;3;1;0.1;0.5;1;0.6666666666666666;
"";"";"";"";
"Time (s)";"Positives";"Rules";"TP Rate";"FP Rate";"Precision";"Recall";"F-Measure";
16;5;14;1;0.01;0.8333333333333334;1;0.9090909090909091;
