"Symptom";"Run";"Rules";"TP Rate";"FP Rate";"Precision";"Recall";"F-Measure";
4;1;6;1;0;0;0;0;
4;2;6;1;0;0;0;0;
4;3;12;0;0;0;0;0;
4;4;4;0;0;0;0;0;
4;5;5;0.5;0;1;0.5;0.6666666666666666;
4;6;5;0.5;0;1;0.5;0.6666666666666666;
4;7;4;0;0;0;0;0;
4;8;5;0.5;0;1;0.5;0.6666666666666666;
4;9;3;0;0.18181818181818182;0;0;0;
4;10;4;0;0.2;0;0;0;
"";"";"";"";
"Time (s)";"Positives";"Rules";"TP Rate";"FP Rate";"Precision";"Recall";"F-Measure";
25;7;23;1;0.04;0.6363636363636364;1;0.7777777777777778;
