"Symptom";"Run";"Rules";"TP Rate";"FP Rate";"Precision";"Recall";"F-Measure";
9;1;1;1;0;0;0;0;
9;2;1;1;0;0;0;0;
9;3;1;1;0;0;0;0;
9;4;1;1;0;0;0;0;
9;5;1;0;0;0;0;0;
9;6;1;0.5;0;1;0.5;0.6666666666666666;
9;7;0;0;0;0;0;0;
9;8;1;0.5;0;1;0.5;0.6666666666666666;
9;9;9;0;0.18181818181818182;0;0;0;
9;10;1;1;0;1;1;1;
"";"";"";"";
"Time (s)";"Positives";"Rules";"TP Rate";"FP Rate";"Precision";"Recall";"F-Measure";
31;5;10;0.8;0.02;0.6666666666666666;0.8;0.7272727272727272;
